iter	Logloss
0	0.6029816681
1	0.5842652002
2	0.5758009207
3	0.5716305373
4	0.5699996502
5	0.5692143697
6	0.5682618439
7	0.5671321204
8	0.5662472635
9	0.5655356675
10	0.564658454
11	0.5642968106
12	0.5635686696
