iter	Logloss
0	0.6764023318
10	0.5981434452
20	0.5761845121
30	0.5669139662
40	0.5619662038
50	0.559249479
60	0.557487824
70	0.5560070573
80	0.5546590777
90	0.5537779132
100	0.5526908521
110	0.5516775551
120	0.5507756713
130	0.5498579082
140	0.5491638369
150	0.5484707895
160	0.5477505288
170	0.5471409934
180	0.5464412492
190	0.545639344
200	0.544842292
210	0.5439545974
220	0.5430221594
230	0.5422243306
240	0.5412868279
250	0.5403927015
260	0.5392372699
270	0.5381620025
280	0.5370956494
